/*
SQLyog 企业版 - MySQL GUI v8.14 
MySQL - 5.5.40 : Database - kufang
*********************************************************************
*/

/*!40101 SET NAMES utf8 */;

/*!40101 SET SQL_MODE=''*/;

/*!40014 SET @OLD_UNIQUE_CHECKS=@@UNIQUE_CHECKS, UNIQUE_CHECKS=0 */;
/*!40014 SET @OLD_FOREIGN_KEY_CHECKS=@@FOREIGN_KEY_CHECKS, FOREIGN_KEY_CHECKS=0 */;
/*!40101 SET @OLD_SQL_MODE=@@SQL_MODE, SQL_MODE='NO_AUTO_VALUE_ON_ZERO' */;
/*!40111 SET @OLD_SQL_NOTES=@@SQL_NOTES, SQL_NOTES=0 */;
CREATE DATABASE /*!32312 IF NOT EXISTS*/`kufang` /*!40100 DEFAULT CHARACTER SET utf8 */;

USE `kufang`;

/*Table structure for table `admin` */

DROP TABLE IF EXISTS `admin`;

CREATE TABLE `admin` (
  `Admin_ID` int(11) NOT NULL AUTO_INCREMENT,
  `Admin_Username` varchar(20) DEFAULT NULL,
  `Admin_Password` varchar(20) DEFAULT NULL,
  `Admin_Name` varchar(20) DEFAULT NULL,
  `Admin_Sex` varchar(10) DEFAULT NULL,
  `Admin_Tel` varchar(20) DEFAULT NULL,
  `Admin_Email` varchar(30) DEFAULT NULL,
  PRIMARY KEY (`Admin_ID`)
) ENGINE=InnoDB AUTO_INCREMENT=3 DEFAULT CHARSET=utf8;

/*Data for the table `admin` */

insert  into `admin`(`Admin_ID`,`Admin_Username`,`Admin_Password`,`Admin_Name`,`Admin_Sex`,`Admin_Tel`,`Admin_Email`) values (2,'lgy','123','林光源','男','13026136883','lgy1152835411@163.com');

/*Table structure for table `alarm` */

DROP TABLE IF EXISTS `alarm`;

CREATE TABLE `alarm` (
  `Alarm_ID` int(11) NOT NULL AUTO_INCREMENT,
  `Alarm_SensorId` int(11) DEFAULT NULL,
  `Alarm_MuseumId` int(11) DEFAULT NULL,
  `Alarm_BuildingId` int(11) DEFAULT NULL,
  `Alarm_Time` timestamp NULL DEFAULT CURRENT_TIMESTAMP,
  `Alarm_Thing` varchar(30) DEFAULT NULL,
  `Alarm_Value` varchar(22) DEFAULT NULL,
  PRIMARY KEY (`Alarm_ID`),
  KEY `FK_alarm` (`Alarm_MuseumId`),
  CONSTRAINT `FK_alarm` FOREIGN KEY (`Alarm_MuseumId`) REFERENCES `museum` (`Museum_ID`)
) ENGINE=InnoDB DEFAULT CHARSET=utf8;

/*Data for the table `alarm` */

/*Table structure for table `building` */

DROP TABLE IF EXISTS `building`;

CREATE TABLE `building` (
  `Building_ID` int(11) NOT NULL AUTO_INCREMENT,
  `Building_Name` varchar(50) DEFAULT NULL,
  `Building_Introduction` varchar(1000) DEFAULT NULL,
  `Building_MuseumID` int(11) DEFAULT NULL,
  PRIMARY KEY (`Building_ID`),
  KEY `FK_building` (`Building_MuseumID`),
  CONSTRAINT `FK_building` FOREIGN KEY (`Building_MuseumID`) REFERENCES `museum` (`Museum_ID`) ON DELETE CASCADE ON UPDATE NO ACTION
) ENGINE=InnoDB AUTO_INCREMENT=14 DEFAULT CHARSET=utf8;

/*Data for the table `building` */

insert  into `building`(`Building_ID`,`Building_Name`,`Building_Introduction`,`Building_MuseumID`) values (6,'城建1号楼（办公室）',' 制定全市档案事业发展长期规划和年度计划；承担综合性调研工作；起草综合性文件；审核局(馆)发文；组织安排局(馆)重要会议；协助局(馆)领导管理机关事务。',4),(7,'城建2号楼（法制和业务指导科）',' 组织档案法律法规的学习、宣传，监督、检查《档案法》、《湖北省档案管理条例》等档案法律法规贯彻执行情况；开展档案依法行政工作，查处违反档案法律法规的行为；承担档案行政复议及应诉工作。',4),(8,'城建3号楼（行政审批科）','承担档案行政审批、许可工作。负责新设立的机关、团体、企事业单位和其他组织档案登记；负责因破产、兼并、被撤销等原因终止活动或者改变活动范围，以及因分立、合并、迁移单位的档案登记注销或者变更登记。',4),(9,'城建4号楼（信息技术科）','编制全市档案信息化发展规划、工作规范和标准制度并组织实施；宏观管理全市电子文件归档、电子档案移交、接收工作；负责全市档案管理软件等档案信息化平台推广应用和技术指导；负责孝感档案信息网站建设和维护。',4),(10,'档案局1号楼（办公室）','承担机关文秘、档案、机要、保密、信访、接待、财务、宣传、人事、老干、统计、计生、综治、节能、档案人员教育和岗位培训、党务、群团、政治思想教育、理论学习、精神文明建设等日常事务及其综合协调工作',5),(11,'档案局2号楼（法制和业务指导科）','制定全市档案业务建设规划、规范制度并组织实施；监督、指导全市机关、团体、企事业单位、其他组织和“三农”、社区档案工作；监督、指导市级重点建设项目档案工作；监督、指导市区范围内重大活动档案工作。',5),(12,'档案局3号楼（管理利用科）','承担馆藏市直单位档案的保管、整理、编目、鉴定、统计和保密工作；承担档案防火、防光、防尘、防霉、防虫、防潮、防高温、防有害气体和防盗工作；负责档案抢救和保护工作。',5),(13,'档案局4号楼（信息技术科）','建设和管理数字档案资源，组织实施档案数字化，接收和管理市直单位移交的电子档案(文件)，建立电子档案(文件)中心，建设数字档案馆。开展与各地档案局(馆)间档案信息资源共建共享工作。',5);

/*Table structure for table `manager` */

DROP TABLE IF EXISTS `manager`;

CREATE TABLE `manager` (
  `Manager_ID` int(11) NOT NULL AUTO_INCREMENT,
  `Manager_Username` varchar(20) DEFAULT NULL,
  `Manager_Password` varchar(20) DEFAULT NULL,
  `Manager_Name` varchar(20) DEFAULT NULL,
  `Manager_Sex` varchar(15) DEFAULT NULL,
  `Manager_Tel` varchar(20) DEFAULT NULL,
  PRIMARY KEY (`Manager_ID`)
) ENGINE=InnoDB AUTO_INCREMENT=10 DEFAULT CHARSET=utf8;

/*Data for the table `manager` */

insert  into `manager`(`Manager_ID`,`Manager_Username`,`Manager_Password`,`Manager_Name`,`Manager_Sex`,`Manager_Tel`) values (6,'manager1','123','张三','男','123456'),(7,'manager2','123','李四','男','123654'),(8,'manager3','123','王五','男','123987'),(9,'manager4','123','赵六','男','654321');

/*Table structure for table `mm` */

DROP TABLE IF EXISTS `mm`;

CREATE TABLE `mm` (
  `MM_ID` int(11) NOT NULL AUTO_INCREMENT,
  `MM_ManagerId` int(11) DEFAULT NULL,
  `MM_MuseumId` int(11) DEFAULT NULL,
  PRIMARY KEY (`MM_ID`),
  KEY `FK_mm` (`MM_ManagerId`),
  KEY `FK_mm1` (`MM_MuseumId`),
  CONSTRAINT `FK_mm` FOREIGN KEY (`MM_ManagerId`) REFERENCES `manager` (`Manager_ID`) ON DELETE CASCADE,
  CONSTRAINT `FK_mm1` FOREIGN KEY (`MM_MuseumId`) REFERENCES `museum` (`Museum_ID`) ON DELETE CASCADE
) ENGINE=InnoDB AUTO_INCREMENT=7 DEFAULT CHARSET=utf8;

/*Data for the table `mm` */

insert  into `mm`(`MM_ID`,`MM_ManagerId`,`MM_MuseumId`) values (6,6,4);

/*Table structure for table `motion` */

DROP TABLE IF EXISTS `motion`;

CREATE TABLE `motion` (
  `Motion_ID` int(11) NOT NULL AUTO_INCREMENT,
  `Motion_Name` varchar(20) DEFAULT NULL,
  `Motion_Type` varchar(20) DEFAULT NULL,
  `Motion_Msg` varchar(30) DEFAULT NULL,
  PRIMARY KEY (`Motion_ID`)
) ENGINE=InnoDB AUTO_INCREMENT=2 DEFAULT CHARSET=utf8;

/*Data for the table `motion` */

insert  into `motion`(`Motion_ID`,`Motion_Name`,`Motion_Type`,`Motion_Msg`) values (1,'报警','邮件','E://01.wav');

/*Table structure for table `museum` */

DROP TABLE IF EXISTS `museum`;

CREATE TABLE `museum` (
  `Museum_ID` int(11) NOT NULL AUTO_INCREMENT,
  `Museum_Name` varchar(20) DEFAULT NULL,
  `Museum_Description` varchar(40) DEFAULT NULL,
  `Museum_Address` varchar(1000) DEFAULT NULL,
  `Museum_PhoneNumber` varchar(22) DEFAULT NULL,
  `Museum_Email` varchar(30) DEFAULT NULL,
  PRIMARY KEY (`Museum_ID`)
) ENGINE=InnoDB AUTO_INCREMENT=6 DEFAULT CHARSET=utf8;

/*Data for the table `museum` */

insert  into `museum`(`Museum_ID`,`Museum_Name`,`Museum_Description`,`Museum_Address`,`Museum_PhoneNumber`,`Museum_Email`) values (4,'孝感市城建档案馆','孝感市城建档案馆地址设在中国孝文化之乡，中国唯一一座以孝命名的地级城市--孝感','湖北孝感交通西路建设大厦','13026136883','xgdag@163.com'),(5,'孝感市档案局','孝感市委直属单位','孝感市城站路71号','07122860437','xgsdaj@163.com');

/*Table structure for table `sensormanager` */

DROP TABLE IF EXISTS `sensormanager`;

CREATE TABLE `sensormanager` (
  `Sensor_ID` int(11) NOT NULL AUTO_INCREMENT,
  `Sensor_StorehouseID` int(11) DEFAULT NULL,
  `Sensor_Name` varchar(20) DEFAULT NULL,
  `Sensor_Type` varchar(20) DEFAULT NULL,
  `Sensor_Unit` varchar(20) DEFAULT NULL,
  `Sensor_Description` varchar(20) DEFAULT NULL,
  `Sensor_ReceiveTime` timestamp NULL DEFAULT NULL,
  `Sensor_Value` varchar(20) DEFAULT NULL,
  `Sensor_Status` tinyint(1) DEFAULT NULL,
  PRIMARY KEY (`Sensor_ID`),
  KEY `FK_sensormanager` (`Sensor_StorehouseID`),
  CONSTRAINT `FK_sensormanager` FOREIGN KEY (`Sensor_StorehouseID`) REFERENCES `storehouse` (`Storehouse_ID`) ON DELETE CASCADE
) ENGINE=InnoDB AUTO_INCREMENT=8 DEFAULT CHARSET=utf8;

/*Data for the table `sensormanager` */

insert  into `sensormanager`(`Sensor_ID`,`Sensor_StorehouseID`,`Sensor_Name`,`Sensor_Type`,`Sensor_Unit`,`Sensor_Description`,`Sensor_ReceiveTime`,`Sensor_Value`,`Sensor_Status`) values (1,5,'温湿度传感器01','数值型传感器','°c','DHT22','2016-12-10 17:36:22','59',1),(2,5,'臭氧传感器01','数值型传感器','ppb','TONGDY','2016-12-10 17:36:22','54',1),(3,5,'粉尘浓度传感器01','数值型传感器','mg/m3 ','GP2Y1051','2016-12-10 17:36:22','35',1),(4,5,'CO₂传感器01','数值型传感器','ppm','MH-Z14A','2016-12-10 17:36:35','65',1),(5,5,'CO传感器01','数值型传感器','ppm','ME2-CO','2016-12-10 17:36:35','76',1),(6,5,'臭氧发生器01','数值型传感器','1台','CONT','2016-12-10 17:36:35','23',1),(7,5,'水浸传感器01','数值型传感器','1台','IVGO','2016-12-10 17:36:35','45',1);

/*Table structure for table `sensorvalue` */

DROP TABLE IF EXISTS `sensorvalue`;

CREATE TABLE `sensorvalue` (
  `ID` int(11) NOT NULL AUTO_INCREMENT,
  `S_ID` int(11) NOT NULL DEFAULT '0',
  `Sensor_ReceiveTime` timestamp NULL DEFAULT NULL,
  `Sensor_Value` varchar(20) DEFAULT NULL,
  `Sensor_Status` tinyint(1) DEFAULT NULL,
  PRIMARY KEY (`ID`),
  KEY `FK_sensorvalue` (`S_ID`)
) ENGINE=InnoDB AUTO_INCREMENT=544 DEFAULT CHARSET=utf8;

/*Data for the table `sensorvalue` */

insert  into `sensorvalue`(`ID`,`S_ID`,`Sensor_ReceiveTime`,`Sensor_Value`,`Sensor_Status`) values (1,1,NULL,NULL,NULL),(2,1,NULL,NULL,NULL),(3,2,NULL,NULL,NULL),(4,3,NULL,NULL,NULL),(5,4,NULL,NULL,NULL),(6,5,NULL,NULL,NULL),(7,6,NULL,NULL,NULL),(8,7,NULL,NULL,NULL),(9,4,NULL,NULL,NULL),(10,5,NULL,NULL,NULL),(11,6,NULL,NULL,NULL),(12,1,'2016-12-10 14:07:23','12',1),(13,1,'2016-12-10 15:02:40','45',1),(14,2,'2016-12-10 15:02:42','54',1),(15,1,'2016-12-10 15:03:02','45',1),(16,2,'2016-12-10 15:03:02','54',1),(17,3,'2016-12-10 15:03:02','76',1),(18,4,'2016-12-10 15:03:02','65',1),(19,5,'2016-12-10 15:03:02','76',1),(20,6,'2016-12-10 15:03:02','23',1),(21,7,'2016-12-10 15:03:02','65',1),(22,1,'2016-12-10 15:03:20','45',1),(23,2,'2016-12-10 15:03:20','54',1),(24,3,'2016-12-10 15:03:20','76',1),(25,4,'2016-12-10 15:03:20','65',1),(26,5,'2016-12-10 15:03:20','76',1),(27,6,'2016-12-10 15:03:21','23',1),(28,7,'2016-12-10 15:03:21','65',1),(29,1,'2016-12-10 15:07:11','59',1),(30,2,'2016-12-10 15:07:11','54',1),(31,3,'2016-12-10 15:07:11','76',1),(32,4,'2016-12-10 15:07:11','65',1),(33,5,'2016-12-10 15:07:11','76',1),(34,6,'2016-12-10 15:07:11','23',1),(35,7,'2016-12-10 15:07:11','65',1),(36,1,'2016-12-10 15:20:15','59',1),(37,2,'2016-12-10 15:20:15','54',1),(38,3,'2016-12-10 15:20:15','76',1),(39,4,'2016-12-10 15:20:15','65',1),(40,5,'2016-12-10 15:20:15','76',1),(41,6,'2016-12-10 15:20:15','23',1),(42,7,'2016-12-10 15:20:16','65',1),(43,1,'2016-12-10 15:20:21','59',1),(44,2,'2016-12-10 15:20:22','54',1),(45,3,'2016-12-10 15:20:22','76',1),(46,4,'2016-12-10 15:20:22','65',1),(47,5,'2016-12-10 15:20:22','76',1),(48,6,'2016-12-10 15:20:22','23',1),(49,7,'2016-12-10 15:20:22','65',1),(50,1,'2016-12-10 15:25:47','59',1),(51,2,'2016-12-10 15:25:47','54',1),(52,3,'2016-12-10 15:25:47','¹Ø',1),(53,4,'2016-12-10 15:25:47','65',1),(54,5,'2016-12-10 15:25:48','76',1),(55,6,'2016-12-10 15:25:48','23',1),(56,7,'2016-12-10 15:25:48','¹Ø',1),(57,1,'2016-12-10 15:26:45','59',1),(58,2,'2016-12-10 15:26:45','54',1),(59,3,'2016-12-10 15:26:45','35',1),(60,4,'2016-12-10 15:26:46','65',1),(61,5,'2016-12-10 15:26:46','76',1),(62,6,'2016-12-10 15:26:46','23',1),(63,7,'2016-12-10 15:26:46','45',1),(64,1,'2016-12-10 15:26:48','59',1),(65,2,'2016-12-10 15:26:48','54',1),(66,3,'2016-12-10 15:26:48','35',1),(67,4,'2016-12-10 15:26:48','65',1),(68,5,'2016-12-10 15:26:49','76',1),(69,6,'2016-12-10 15:26:49','23',1),(70,7,'2016-12-10 15:26:49','45',1),(71,1,'2016-12-10 15:26:50','59',1),(72,2,'2016-12-10 15:26:50','54',1),(73,3,'2016-12-10 15:26:50','35',1),(74,4,'2016-12-10 15:26:50','65',1),(75,5,'2016-12-10 15:26:50','76',1),(76,6,'2016-12-10 15:26:50','23',1),(77,7,'2016-12-10 15:26:50','45',1),(78,1,'2016-12-10 15:26:51','59',1),(79,2,'2016-12-10 15:26:51','54',1),(80,3,'2016-12-10 15:26:51','35',1),(81,4,'2016-12-10 15:26:51','65',1),(82,5,'2016-12-10 15:26:51','76',1),(83,6,'2016-12-10 15:26:51','23',1),(84,7,'2016-12-10 15:26:51','45',1),(85,1,'2016-12-10 15:26:52','59',1),(86,2,'2016-12-10 15:26:52','54',1),(87,3,'2016-12-10 15:26:52','35',1),(88,4,'2016-12-10 15:26:52','65',1),(89,5,'2016-12-10 15:26:52','76',1),(90,6,'2016-12-10 15:26:52','23',1),(91,7,'2016-12-10 15:26:52','45',1),(92,1,'2016-12-10 15:26:52','59',1),(93,2,'2016-12-10 15:26:52','54',1),(94,3,'2016-12-10 15:26:52','35',1),(95,4,'2016-12-10 15:26:52','65',1),(96,5,'2016-12-10 15:26:52','76',1),(97,6,'2016-12-10 15:26:52','23',1),(98,7,'2016-12-10 15:26:52','45',1),(99,1,'2016-12-10 15:26:53','59',1),(100,2,'2016-12-10 15:26:53','54',1),(101,3,'2016-12-10 15:26:53','35',1),(102,4,'2016-12-10 15:26:53','65',1),(103,5,'2016-12-10 15:26:53','76',1),(104,6,'2016-12-10 15:26:53','23',1),(105,7,'2016-12-10 15:26:53','45',1),(106,1,'2016-12-10 15:26:53','59',1),(107,2,'2016-12-10 15:26:53','54',1),(108,3,'2016-12-10 15:26:53','35',1),(109,4,'2016-12-10 15:26:53','65',1),(110,5,'2016-12-10 15:26:53','76',1),(111,6,'2016-12-10 15:26:53','23',1),(112,7,'2016-12-10 15:26:53','45',1),(113,1,'2016-12-10 15:26:53','59',1),(114,2,'2016-12-10 15:26:53','54',1),(115,3,'2016-12-10 15:26:54','35',1),(116,4,'2016-12-10 15:26:54','65',1),(117,5,'2016-12-10 15:26:54','76',1),(118,6,'2016-12-10 15:26:54','23',1),(119,7,'2016-12-10 15:26:54','45',1),(120,1,'2016-12-10 15:26:54','59',1),(121,2,'2016-12-10 15:26:54','54',1),(122,3,'2016-12-10 15:26:54','35',1),(123,4,'2016-12-10 15:26:54','65',1),(124,5,'2016-12-10 15:26:54','76',1),(125,6,'2016-12-10 15:26:54','23',1),(126,7,'2016-12-10 15:26:54','45',1),(127,1,'2016-12-10 15:26:54','59',1),(128,2,'2016-12-10 15:26:54','54',1),(129,3,'2016-12-10 15:26:54','35',1),(130,4,'2016-12-10 15:26:55','65',1),(131,5,'2016-12-10 15:26:55','76',1),(132,6,'2016-12-10 15:26:55','23',1),(133,7,'2016-12-10 15:26:55','45',1),(134,1,'2016-12-10 15:26:55','59',1),(135,2,'2016-12-10 15:26:55','54',1),(136,3,'2016-12-10 15:26:55','35',1),(137,4,'2016-12-10 15:26:55','65',1),(138,5,'2016-12-10 15:26:55','76',1),(139,6,'2016-12-10 15:26:55','23',1),(140,7,'2016-12-10 15:26:55','45',1),(141,1,'2016-12-10 15:26:55','59',1),(142,2,'2016-12-10 15:26:55','54',1),(143,3,'2016-12-10 15:26:55','35',1),(144,4,'2016-12-10 15:26:55','65',1),(145,5,'2016-12-10 15:26:55','76',1),(146,6,'2016-12-10 15:26:56','23',1),(147,7,'2016-12-10 15:26:56','45',1),(148,1,'2016-12-10 15:26:56','59',1),(149,2,'2016-12-10 15:26:57','54',1),(150,3,'2016-12-10 15:26:57','35',1),(151,4,'2016-12-10 15:26:57','65',1),(152,5,'2016-12-10 15:26:57','76',1),(153,6,'2016-12-10 15:26:57','23',1),(154,7,'2016-12-10 15:26:57','45',1),(155,1,'2016-12-10 15:26:57','59',1),(156,2,'2016-12-10 15:26:57','54',1),(157,3,'2016-12-10 15:26:57','35',1),(158,4,'2016-12-10 15:26:57','65',1),(159,5,'2016-12-10 15:26:58','76',1),(160,6,'2016-12-10 15:26:58','23',1),(161,7,'2016-12-10 15:26:58','45',1),(162,1,'2016-12-10 15:26:58','59',1),(163,2,'2016-12-10 15:26:58','54',1),(164,3,'2016-12-10 15:26:58','35',1),(165,4,'2016-12-10 15:26:58','65',1),(166,5,'2016-12-10 15:26:58','76',1),(167,6,'2016-12-10 15:26:58','23',1),(168,7,'2016-12-10 15:26:58','45',1),(169,1,'2016-12-10 15:26:58','59',1),(170,2,'2016-12-10 15:26:58','54',1),(171,3,'2016-12-10 15:26:58','35',1),(172,4,'2016-12-10 15:26:58','65',1),(173,5,'2016-12-10 15:26:58','76',1),(174,6,'2016-12-10 15:26:58','23',1),(175,7,'2016-12-10 15:26:58','45',1),(176,1,'2016-12-10 15:26:58','59',1),(177,2,'2016-12-10 15:26:59','54',1),(178,3,'2016-12-10 15:26:59','35',1),(179,4,'2016-12-10 15:26:59','65',1),(180,5,'2016-12-10 15:26:59','76',1),(181,6,'2016-12-10 15:26:59','23',1),(182,7,'2016-12-10 15:26:59','45',1),(183,1,'2016-12-10 15:26:59','59',1),(184,2,'2016-12-10 15:26:59','54',1),(185,3,'2016-12-10 15:26:59','35',1),(186,4,'2016-12-10 15:26:59','65',1),(187,5,'2016-12-10 15:26:59','76',1),(188,6,'2016-12-10 15:26:59','23',1),(189,7,'2016-12-10 15:26:59','45',1),(190,1,'2016-12-10 15:26:59','59',1),(191,2,'2016-12-10 15:26:59','54',1),(192,3,'2016-12-10 15:26:59','35',1),(193,4,'2016-12-10 15:26:59','65',1),(194,5,'2016-12-10 15:26:59','76',1),(195,6,'2016-12-10 15:27:00','23',1),(196,7,'2016-12-10 15:27:00','45',1),(197,1,'2016-12-10 15:27:00','59',1),(198,2,'2016-12-10 15:27:00','54',1),(199,3,'2016-12-10 15:27:00','35',1),(200,4,'2016-12-10 15:27:00','65',1),(201,5,'2016-12-10 15:27:00','76',1),(202,6,'2016-12-10 15:27:00','23',1),(203,7,'2016-12-10 15:27:00','45',1),(204,1,'2016-12-10 15:27:00','59',1),(205,2,'2016-12-10 15:27:00','54',1),(206,3,'2016-12-10 15:27:00','35',1),(207,4,'2016-12-10 15:27:00','65',1),(208,5,'2016-12-10 15:27:00','76',1),(209,6,'2016-12-10 15:27:00','23',1),(210,7,'2016-12-10 15:27:00','45',1),(211,1,'2016-12-10 15:27:00','59',1),(212,2,'2016-12-10 15:27:00','54',1),(213,3,'2016-12-10 15:27:00','35',1),(214,4,'2016-12-10 15:27:01','65',1),(215,5,'2016-12-10 15:27:01','76',1),(216,6,'2016-12-10 15:27:01','23',1),(217,7,'2016-12-10 15:27:01','45',1),(218,1,'2016-12-10 15:27:01','59',1),(219,2,'2016-12-10 15:27:01','54',1),(220,3,'2016-12-10 15:27:01','35',1),(221,4,'2016-12-10 15:27:01','65',1),(222,5,'2016-12-10 15:27:01','76',1),(223,6,'2016-12-10 15:27:01','23',1),(224,7,'2016-12-10 15:27:01','45',1),(225,1,'2016-12-10 15:27:01','59',1),(226,2,'2016-12-10 15:27:01','54',1),(227,3,'2016-12-10 15:27:01','35',1),(228,4,'2016-12-10 15:27:01','65',1),(229,5,'2016-12-10 15:27:01','76',1),(230,6,'2016-12-10 15:27:01','23',1),(231,7,'2016-12-10 15:27:01','45',1),(232,1,'2016-12-10 15:27:01','59',1),(233,2,'2016-12-10 15:27:02','54',1),(234,3,'2016-12-10 15:27:02','35',1),(235,4,'2016-12-10 15:27:02','65',1),(236,5,'2016-12-10 15:27:02','76',1),(237,6,'2016-12-10 15:27:02','23',1),(238,7,'2016-12-10 15:27:02','45',1),(239,1,'2016-12-10 15:27:02','59',1),(240,2,'2016-12-10 15:27:02','54',1),(241,3,'2016-12-10 15:27:02','35',1),(242,4,'2016-12-10 15:27:02','65',1),(243,5,'2016-12-10 15:27:02','76',1),(244,6,'2016-12-10 15:27:02','23',1),(245,7,'2016-12-10 15:27:02','45',1),(246,1,'2016-12-10 15:27:02','59',1),(247,2,'2016-12-10 15:27:02','54',1),(248,3,'2016-12-10 15:27:02','35',1),(249,4,'2016-12-10 15:27:03','65',1),(250,5,'2016-12-10 15:27:03','76',1),(251,6,'2016-12-10 15:27:03','23',1),(252,7,'2016-12-10 15:27:03','45',1),(253,1,'2016-12-10 15:27:03','59',1),(254,2,'2016-12-10 15:27:03','54',1),(255,3,'2016-12-10 15:27:03','35',1),(256,4,'2016-12-10 15:27:03','65',1),(257,5,'2016-12-10 15:27:03','76',1),(258,6,'2016-12-10 15:27:03','23',1),(259,7,'2016-12-10 15:27:03','45',1),(260,1,'2016-12-10 15:27:03','59',1),(261,2,'2016-12-10 15:27:03','54',1),(262,3,'2016-12-10 15:27:03','35',1),(263,4,'2016-12-10 15:27:03','65',1),(264,5,'2016-12-10 15:27:03','76',1),(265,6,'2016-12-10 15:27:03','23',1),(266,7,'2016-12-10 15:27:03','45',1),(267,1,'2016-12-10 15:27:04','59',1),(268,2,'2016-12-10 15:27:04','54',1),(269,3,'2016-12-10 15:27:04','35',1),(270,4,'2016-12-10 15:27:04','65',1),(271,5,'2016-12-10 15:27:04','76',1),(272,6,'2016-12-10 15:27:04','23',1),(273,7,'2016-12-10 15:27:04','45',1),(274,1,'2016-12-10 15:27:04','59',1),(275,2,'2016-12-10 15:27:04','54',1),(276,3,'2016-12-10 15:27:04','35',1),(277,4,'2016-12-10 15:27:04','65',1),(278,5,'2016-12-10 15:27:04','76',1),(279,6,'2016-12-10 15:27:04','23',1),(280,7,'2016-12-10 15:27:04','45',1),(281,1,'2016-12-10 15:27:04','59',1),(282,2,'2016-12-10 15:27:04','54',1),(283,3,'2016-12-10 15:27:04','35',1),(284,4,'2016-12-10 15:27:04','65',1),(285,5,'2016-12-10 15:27:04','76',1),(286,6,'2016-12-10 15:27:05','23',1),(287,7,'2016-12-10 15:27:05','45',1),(288,1,'2016-12-10 15:27:05','59',1),(289,2,'2016-12-10 15:27:05','54',1),(290,3,'2016-12-10 15:27:05','35',1),(291,4,'2016-12-10 15:27:05','65',1),(292,5,'2016-12-10 15:27:05','76',1),(293,6,'2016-12-10 15:27:05','23',1),(294,7,'2016-12-10 15:27:05','45',1),(295,1,'2016-12-10 15:27:05','59',1),(296,2,'2016-12-10 15:27:05','54',1),(297,3,'2016-12-10 15:27:05','35',1),(298,4,'2016-12-10 15:27:06','65',1),(299,5,'2016-12-10 15:27:06','76',1),(300,6,'2016-12-10 15:27:06','23',1),(301,7,'2016-12-10 15:27:06','45',1),(302,1,'2016-12-10 15:55:27','59',1),(303,1,'2016-12-10 15:57:48','59',1),(304,2,'2016-12-10 15:57:48','54',1),(305,3,'2016-12-10 15:57:49','76',1),(306,4,'2016-12-10 15:57:49','65',1),(307,5,'2016-12-10 15:57:49','76',1),(308,6,'2016-12-10 15:57:49','23',1),(309,7,'2016-12-10 15:57:49','65',1),(310,1,'2016-12-10 15:57:53','59',1),(311,2,'2016-12-10 15:57:53','54',1),(312,3,'2016-12-10 15:57:53','76',1),(313,4,'2016-12-10 15:57:53','65',1),(314,5,'2016-12-10 15:57:53','76',1),(315,6,'2016-12-10 15:57:53','23',1),(316,7,'2016-12-10 15:57:53','65',1),(317,1,'2016-12-10 16:02:58','59',1),(318,2,'2016-12-10 16:02:59','54',1),(319,3,'2016-12-10 16:02:59','35',1),(320,4,'2016-12-10 16:02:59','65',1),(321,5,'2016-12-10 16:02:59','76',1),(322,6,'2016-12-10 16:02:59','23',1),(323,7,'2016-12-10 16:02:59','45',1),(324,1,'2016-12-10 16:03:21','59',1),(325,2,'2016-12-10 16:03:21','54',1),(326,3,'2016-12-10 16:03:21','76',1),(327,4,'2016-12-10 16:03:21','65',1),(328,5,'2016-12-10 16:03:21','76',1),(329,6,'2016-12-10 16:03:21','23',1),(330,7,'2016-12-10 16:03:21','65',1),(331,1,'2016-12-10 16:03:33','59',1),(332,2,'2016-12-10 16:03:33','54',1),(333,3,'2016-12-10 16:03:33','35',1),(334,4,'2016-12-10 16:03:33','65',1),(335,5,'2016-12-10 16:03:33','76',1),(336,6,'2016-12-10 16:03:33','23',1),(337,7,'2016-12-10 16:03:33','45',1),(338,1,'2016-12-10 16:03:34','59',1),(339,2,'2016-12-10 16:03:34','54',1),(340,3,'2016-12-10 16:03:34','35',1),(341,4,'2016-12-10 16:03:34','65',1),(342,5,'2016-12-10 16:03:34','76',1),(343,6,'2016-12-10 16:03:34','23',1),(344,7,'2016-12-10 16:03:34','45',1),(345,1,'2016-12-10 16:03:45','59',1),(346,2,'2016-12-10 16:03:45','54',1),(347,3,'2016-12-10 16:03:45','35',1),(348,4,'2016-12-10 16:03:45','65',1),(349,5,'2016-12-10 16:03:45','76',1),(350,6,'2016-12-10 16:03:45','23',1),(351,7,'2016-12-10 16:03:45','45',1),(352,1,'2016-12-10 16:03:46','59',1),(353,2,'2016-12-10 16:03:46','54',1),(354,3,'2016-12-10 16:03:46','35',1),(355,4,'2016-12-10 16:03:46','65',1),(356,5,'2016-12-10 16:03:46','76',1),(357,6,'2016-12-10 16:03:46','23',1),(358,7,'2016-12-10 16:03:46','45',1),(359,1,'2016-12-10 16:03:54','59',1),(360,2,'2016-12-10 16:03:54','54',1),(361,3,'2016-12-10 16:03:54','76',1),(362,4,'2016-12-10 16:03:54','65',1),(363,5,'2016-12-10 16:03:54','76',1),(364,6,'2016-12-10 16:03:54','23',1),(365,7,'2016-12-10 16:03:54','65',1),(366,1,'2016-12-10 16:06:16','59',1),(367,1,'2016-12-10 16:09:43','59',1),(368,1,'2016-12-10 16:10:13','59',1),(369,1,'2016-12-10 16:12:32','59',1),(370,1,'2016-12-10 16:12:53','59',1),(371,1,'2016-12-10 16:13:35','59',1),(372,1,'2016-12-10 16:20:08','59',1),(373,2,'2016-12-10 16:20:08','54',1),(374,3,'2016-12-10 16:20:09','76',1),(375,4,'2016-12-10 16:20:09','45',1),(376,5,'2016-12-10 16:20:09','76',1),(377,6,'2016-12-10 16:20:09','23',1),(378,7,'2016-12-10 16:20:09','65',1),(379,1,'2016-12-10 16:20:17','59',1),(380,2,'2016-12-10 16:20:17','54',1),(381,3,'2016-12-10 16:20:18','76',1),(382,4,'2016-12-10 16:20:18','55',1),(383,5,'2016-12-10 16:20:18','76',1),(384,6,'2016-12-10 16:20:18','23',1),(385,7,'2016-12-10 16:20:18','65',1),(386,1,'2016-12-10 16:20:49','59',1),(387,2,'2016-12-10 16:20:49','54',1),(388,3,'2016-12-10 16:20:49','76',1),(389,4,'2016-12-10 16:20:49','65',1),(390,5,'2016-12-10 16:20:49','76',1),(391,6,'2016-12-10 16:20:49','23',1),(392,7,'2016-12-10 16:20:49','65',1),(393,1,'2016-12-10 16:21:07','59',1),(394,2,'2016-12-10 16:21:07','54',1),(395,3,'2016-12-10 16:21:07','76',1),(396,4,'2016-12-10 16:21:08','65',1),(397,5,'2016-12-10 16:21:08','76',1),(398,6,'2016-12-10 16:21:08','23',1),(399,7,'2016-12-10 16:21:08','65',1),(400,1,'2016-12-10 16:21:10','59',1),(401,2,'2016-12-10 16:21:10','54',1),(402,3,'2016-12-10 16:21:11','76',1),(403,4,'2016-12-10 16:21:11','65',1),(404,5,'2016-12-10 16:21:11','76',1),(405,6,'2016-12-10 16:21:11','23',1),(406,7,'2016-12-10 16:21:11','65',1),(407,1,'2016-12-10 16:22:28','59',1),(408,2,'2016-12-10 16:22:28','54',1),(409,3,'2016-12-10 16:22:28','76',1),(410,4,'2016-12-10 16:22:28','65',1),(411,5,'2016-12-10 16:22:28','76',1),(412,6,'2016-12-10 16:22:28','23',1),(413,7,'2016-12-10 16:22:28','65',1),(414,1,'2016-12-10 16:22:36','59',1),(415,2,'2016-12-10 16:22:37','54',1),(416,3,'2016-12-10 16:22:37','76',1),(417,4,'2016-12-10 16:22:37','65',1),(418,5,'2016-12-10 16:22:37','76',1),(419,6,'2016-12-10 16:22:37','23',1),(420,7,'2016-12-10 16:22:37','65',1),(421,1,'2016-12-10 16:23:42','59',1),(422,2,'2016-12-10 16:23:42','54',1),(423,3,'2016-12-10 16:23:42','76',1),(424,4,'2016-12-10 16:23:43','65',1),(425,5,'2016-12-10 16:23:43','76',1),(426,6,'2016-12-10 16:23:43','23',1),(427,7,'2016-12-10 16:23:43','65',1),(428,1,'2016-12-10 16:26:42','59',1),(429,2,'2016-12-10 16:26:48','54',1),(430,3,'2016-12-10 16:26:57','76',1),(431,4,'2016-12-10 16:27:06','65',1),(432,1,'2016-12-10 16:30:30','59',1),(433,2,'2016-12-10 16:30:31','54',1),(434,3,'2016-12-10 16:30:31','76',1),(435,4,'2016-12-10 16:30:31','65',1),(436,5,'2016-12-10 16:30:31','76',1),(437,6,'2016-12-10 16:30:31','23',1),(438,7,'2016-12-10 16:30:31','65',1),(439,1,'2016-12-10 16:30:31','59',1),(440,2,'2016-12-10 16:30:31','54',1),(441,3,'2016-12-10 16:30:31','76',1),(442,4,'2016-12-10 16:30:31','65',1),(443,5,'2016-12-10 16:30:32','76',1),(444,6,'2016-12-10 16:30:32','23',1),(445,7,'2016-12-10 16:30:32','65',1),(446,1,'2016-12-10 16:30:47','59',1),(447,2,'2016-12-10 16:30:47','54',1),(448,3,'2016-12-10 16:30:47','76',1),(449,4,'2016-12-10 16:30:47','66',1),(450,5,'2016-12-10 16:30:47','76',1),(451,6,'2016-12-10 16:30:47','23',1),(452,7,'2016-12-10 16:30:47','65',1),(453,1,'2016-12-10 16:35:05','59',1),(454,2,'2016-12-10 16:35:05','54',1),(455,3,'2016-12-10 16:35:05','76',1),(456,4,'2016-12-10 16:35:05','66',1),(457,5,'2016-12-10 16:35:05','76',1),(458,6,'2016-12-10 16:35:05','23',1),(459,7,'2016-12-10 16:35:05','65',1),(460,1,'2016-12-10 16:35:13','59',1),(461,2,'2016-12-10 16:35:13','54',1),(462,3,'2016-12-10 16:35:13','76',1),(463,4,'2016-12-10 16:35:25','66',1),(464,5,'2016-12-10 16:35:25','76',1),(465,6,'2016-12-10 16:35:25','23',1),(466,7,'2016-12-10 16:35:25','65',1),(467,1,'2016-12-10 16:35:26','59',1),(468,2,'2016-12-10 16:35:26','54',1),(469,3,'2016-12-10 16:35:26','76',1),(470,4,'2016-12-10 16:35:26','34',1),(471,5,'2016-12-10 16:35:26','76',1),(472,6,'2016-12-10 16:35:26','23',1),(473,7,'2016-12-10 16:35:26','65',1),(474,1,'2016-12-10 16:36:47','59',1),(475,2,'2016-12-10 16:36:47','54',1),(476,3,'2016-12-10 16:36:47','76',1),(477,4,'2016-12-10 16:36:59','54',1),(478,5,'2016-12-10 16:36:59','76',1),(479,6,'2016-12-10 16:36:59','23',1),(480,7,'2016-12-10 16:36:59','65',1),(481,1,'2016-12-10 16:42:46','59',1),(482,2,'2016-12-10 16:42:46','54',1),(483,3,'2016-12-10 16:42:46','76',1),(484,4,'2016-12-10 16:42:46','54',1),(485,5,'2016-12-10 16:42:47','76',1),(486,6,'2016-12-10 16:42:47','23',1),(487,7,'2016-12-10 16:42:47','65',1),(488,1,'2016-12-10 16:43:06','59',1),(489,2,'2016-12-10 16:43:07','54',1),(490,3,'2016-12-10 16:43:07','76',1),(491,4,'2016-12-10 16:43:20','54',1),(492,5,'2016-12-10 16:43:20','76',1),(493,6,'2016-12-10 16:43:20','23',1),(494,7,'2016-12-10 16:43:20','65',1),(495,1,'2016-12-10 16:53:54','59',1),(496,2,'2016-12-10 16:53:54','54',1),(497,3,'2016-12-10 16:53:54','76',1),(498,4,'2016-12-10 16:54:06','54',1),(499,5,'2016-12-10 16:54:06','76',1),(500,6,'2016-12-10 16:54:06','23',1),(501,7,'2016-12-10 16:54:06','65',1),(502,1,'2016-12-10 17:07:03','59',1),(503,2,'2016-12-10 17:07:03','54',1),(504,3,'2016-12-10 17:07:03','35',1),(505,4,'2016-12-10 17:07:15','65',1),(506,5,'2016-12-10 17:07:15','76',1),(507,6,'2016-12-10 17:07:15','23',1),(508,7,'2016-12-10 17:07:15','45',1),(509,1,'2016-12-10 17:07:16','59',1),(510,2,'2016-12-10 17:07:16','54',1),(511,3,'2016-12-10 17:07:16','35',1),(512,4,'2016-12-10 17:07:28','65',1),(513,5,'2016-12-10 17:07:28','76',1),(514,6,'2016-12-10 17:07:28','23',1),(515,7,'2016-12-10 17:07:28','45',1),(516,1,'2016-12-10 17:07:28','59',1),(517,2,'2016-12-10 17:07:28','54',1),(518,3,'2016-12-10 17:07:28','35',1),(519,4,'2016-12-10 17:07:40','65',1),(520,5,'2016-12-10 17:07:40','76',1),(521,6,'2016-12-10 17:07:40','23',1),(522,7,'2016-12-10 17:07:40','45',1),(523,1,'2016-12-10 17:35:57','59',1),(524,2,'2016-12-10 17:35:57','54',1),(525,3,'2016-12-10 17:35:58','35',1),(526,4,'2016-12-10 17:36:10','65',1),(527,5,'2016-12-10 17:36:10','76',1),(528,6,'2016-12-10 17:36:10','23',1),(529,7,'2016-12-10 17:36:10','45',1),(530,1,'2016-12-10 17:36:10','59',1),(531,2,'2016-12-10 17:36:10','54',1),(532,3,'2016-12-10 17:36:10','35',1),(533,4,'2016-12-10 17:36:22','65',1),(534,5,'2016-12-10 17:36:22','76',1),(535,6,'2016-12-10 17:36:22','23',1),(536,7,'2016-12-10 17:36:22','45',1),(537,1,'2016-12-10 17:36:22','59',1),(538,2,'2016-12-10 17:36:22','54',1),(539,3,'2016-12-10 17:36:22','35',1),(540,4,'2016-12-10 17:36:35','65',1),(541,5,'2016-12-10 17:36:35','76',1),(542,6,'2016-12-10 17:36:35','23',1),(543,7,'2016-12-10 17:36:35','45',1);

/*Table structure for table `sm` */

DROP TABLE IF EXISTS `sm`;

CREATE TABLE `sm` (
  `SM_ID` int(11) NOT NULL AUTO_INCREMENT,
  `SM_MotionID` int(11) DEFAULT NULL,
  `SM_SensorID` int(11) DEFAULT NULL,
  `Motion_Operator` int(11) DEFAULT NULL,
  `Motion_Value` int(20) DEFAULT NULL,
  PRIMARY KEY (`SM_ID`),
  KEY `FK_sm` (`SM_MotionID`),
  KEY `FK_sm1` (`SM_SensorID`),
  CONSTRAINT `FK_sm` FOREIGN KEY (`SM_MotionID`) REFERENCES `motion` (`Motion_ID`) ON DELETE CASCADE,
  CONSTRAINT `FK_sm1` FOREIGN KEY (`SM_SensorID`) REFERENCES `sensormanager` (`Sensor_ID`) ON DELETE CASCADE
) ENGINE=InnoDB AUTO_INCREMENT=2 DEFAULT CHARSET=utf8;

/*Data for the table `sm` */

insert  into `sm`(`SM_ID`,`SM_MotionID`,`SM_SensorID`,`Motion_Operator`,`Motion_Value`) values (1,1,4,1,60);

/*Table structure for table `storehouse` */

DROP TABLE IF EXISTS `storehouse`;

CREATE TABLE `storehouse` (
  `Storehouse_ID` int(11) NOT NULL AUTO_INCREMENT,
  `Storehouse_BuildingID` int(11) DEFAULT NULL,
  `Storehouse_Name` varchar(20) DEFAULT NULL,
  `Storehouse_Type` varchar(20) DEFAULT NULL,
  `Storehouse_Number` varchar(20) DEFAULT NULL,
  `Storehouse_Tel` varchar(20) DEFAULT NULL,
  PRIMARY KEY (`Storehouse_ID`),
  KEY `FK_storehouse` (`Storehouse_BuildingID`),
  CONSTRAINT `FK_storehouse` FOREIGN KEY (`Storehouse_BuildingID`) REFERENCES `building` (`Building_ID`) ON DELETE CASCADE
) ENGINE=InnoDB AUTO_INCREMENT=13 DEFAULT CHARSET=utf8;

/*Data for the table `storehouse` */

insert  into `storehouse`(`Storehouse_ID`,`Storehouse_BuildingID`,`Storehouse_Name`,`Storehouse_Type`,`Storehouse_Number`,`Storehouse_Tel`) values (5,6,'cj001','办公','5','13926136883'),(6,7,'cj002','档案','5','18926136883'),(7,8,'cj003','档案','5','13136856883'),(8,9,'cj004','档案','5','13056238974'),(9,10,'daj001','档案','5','13975468541'),(10,11,'daj002','档案','5','13685741236'),(11,12,'daj003','档案','5','18956457894'),(12,13,'daj004','档案','5','13674154658');

/*Table structure for table `ub` */

DROP TABLE IF EXISTS `ub`;

CREATE TABLE `ub` (
  `UB_ID` int(11) NOT NULL AUTO_INCREMENT,
  `UB_UserID` int(11) DEFAULT NULL,
  `UB_BuildingID` int(11) DEFAULT NULL,
  PRIMARY KEY (`UB_ID`),
  KEY `FK_ub` (`UB_UserID`),
  KEY `FK_ub1` (`UB_BuildingID`),
  CONSTRAINT `FK_ub` FOREIGN KEY (`UB_UserID`) REFERENCES `user` (`User_ID`) ON DELETE CASCADE,
  CONSTRAINT `FK_ub1` FOREIGN KEY (`UB_BuildingID`) REFERENCES `building` (`Building_ID`) ON DELETE CASCADE
) ENGINE=InnoDB DEFAULT CHARSET=utf8;

/*Data for the table `ub` */

/*Table structure for table `user` */

DROP TABLE IF EXISTS `user`;

CREATE TABLE `user` (
  `User_ID` int(11) NOT NULL AUTO_INCREMENT,
  `User_Username` varchar(20) DEFAULT NULL,
  `User_Password` varchar(20) DEFAULT NULL,
  `User_Name` varchar(20) DEFAULT NULL,
  `User_Sex` varchar(10) DEFAULT NULL,
  `User_Tel` varchar(20) DEFAULT NULL,
  PRIMARY KEY (`User_ID`)
) ENGINE=InnoDB AUTO_INCREMENT=10 DEFAULT CHARSET=utf8;

/*Data for the table `user` */

insert  into `user`(`User_ID`,`User_Username`,`User_Password`,`User_Name`,`User_Sex`,`User_Tel`) values (6,'user1','123','林光源','男','13026136883'),(7,'user2','123','陈志文','男','13685641754'),(8,'user3','123','蔡盼盼','男','16398741586'),(9,'user4','123','高雪莲','女','16598742563');

/* Trigger structure for table `sensormanager` */

DELIMITER $$

/*!50003 DROP TRIGGER*//*!50032 IF EXISTS */ /*!50003 `test2` */$$

/*!50003 CREATE */ /*!50017 DEFINER = 'root'@'localhost' */ /*!50003 TRIGGER `test2` AFTER INSERT ON `sensormanager` FOR EACH ROW BEGIN
    insert into sensorvalue(S_ID) values(new.Sensor_ID);
    END */$$


DELIMITER ;

/* Trigger structure for table `sensormanager` */

DELIMITER $$

/*!50003 DROP TRIGGER*//*!50032 IF EXISTS */ /*!50003 `test` */$$

/*!50003 CREATE */ /*!50017 DEFINER = 'root'@'localhost' */ /*!50003 TRIGGER `test` AFTER UPDATE ON `sensormanager` FOR EACH ROW BEGIN
    insert into sensorvalue(S_ID,Sensor_ReceiveTime,Sensor_Value,Sensor_Status) values(new.Sensor_ID,new.Sensor_ReceiveTime,new.Sensor_Value,new.Sensor_Status);
    END */$$


DELIMITER ;

/*!40101 SET SQL_MODE=@OLD_SQL_MODE */;
/*!40014 SET FOREIGN_KEY_CHECKS=@OLD_FOREIGN_KEY_CHECKS */;
/*!40014 SET UNIQUE_CHECKS=@OLD_UNIQUE_CHECKS */;
/*!40111 SET SQL_NOTES=@OLD_SQL_NOTES */;
